Date,Mean_Chlorophyll,Coverage_Percent
2016-01-01,,0.0
2016-01-02,23.174293518066406,13.820598006644518
2016-01-03,15.718344688415527,16.910299003322258
2016-01-04,3.958796977996826,0.0664451827242525
2016-01-05,9.385289192199707,15.481727574750831
2016-01-06,13.753678321838379,11.196013289036545
2016-01-07,,0.0
2016-01-08,,0.0
2016-01-09,,0.0
2016-01-10,7.6417012214660645,21.196013289036543
2016-01-11,,0.0
2016-01-12,4.326752662658691,6.146179401993355
2016-01-13,10.038925170898438,15.04983388704319
2016-01-14,6.88114070892334,22.49169435215947
2016-01-15,,0.0
2016-01-16,5.751816272735596,17.87375415282392
2016-01-17,,0.0
2016-01-18,10.062664031982422,9.46843853820598
2016-01-19,7.292667865753174,21.661129568106315
2016-01-20,9.44196605682373,4.750830564784053
2016-01-21,6.561870574951172,5.980066445182724
2016-01-22,,0.0
2016-01-23,,0.0
2016-01-24,5.678339004516602,1.5614617940199336
2016-01-25,,0.0
2016-01-26,5.7544450759887695,18.40531561461794
2016-01-27,,0.0
2016-01-28,6.53879976272583,2.823920265780731
2016-01-29,2.86984920501709,0.7308970099667774
2016-01-30,5.082583427429199,17.275747508305646
2016-01-31,8.334162712097168,14.784053156146179
2016-02-01,5.806809425354004,13.455149501661129
2016-02-02,8.632731437683105,26.843853820598007
2016-02-03,,0.0
2016-02-04,,0.0
2016-02-05,6.732388496398926,9.667774086378737
2016-02-06,11.847613334655762,0.8970099667774086
2016-02-07,,0.0
2016-02-08,4.3170647621154785,9.335548172757475
2016-02-09,3.6513144969940186,4.186046511627907
2016-02-10,5.95059061050415,10.631229235880399
2016-02-11,8.37086296081543,20.16611295681063
2016-02-12,,0.0
2016-02-13,8.306414604187012,13.089700996677742
2016-02-14,10.747049331665039,8.471760797342192
2016-02-15,,0.0
2016-02-16,,0.0
2016-02-17,6.209234237670898,4.950166112956811
2016-02-18,9.934739112854004,20.299003322259136
2016-02-19,,0.0
2016-02-20,,0.0
2016-02-21,,0.0
2016-02-22,5.621402740478516,3.887043189368771
2016-02-23,,0.0
2016-02-24,,0.0
2016-02-25,,0.0
2016-02-26,12.203843116760254,2.524916943521595
2016-02-27,8.460421562194824,20.299003322259136
2016-02-28,,0.0
2016-02-29,10.375866889953613,20.16611295681063
2016-03-01,15.198821067810059,15.68106312292359
2016-03-02,11.387144088745117,18.6046511627907
2016-03-03,,0.0
2016-03-04,,0.0
2016-03-05,2.577218770980835,0.9634551495016611
2016-03-06,3.3281917572021484,2.524916943521595
2016-03-07,11.107197761535645,23.920265780730897
2016-03-08,18.508975982666016,6.112956810631229
2016-03-09,8.748023986816406,22.956810631229235
2016-03-10,11.188621520996094,2.8903654485049834
2016-03-11,9.091591835021973,2.6245847176079735
2016-03-12,,0.0
2016-03-13,2.9215269088745117,0.09966777408637872
2016-03-14,4.384036540985107,0.3986710963455149
2016-03-15,,0.0
2016-03-16,9.784687042236328,25.382059800664454
2016-03-17,17.57107925415039,11.295681063122924
2016-03-18,8.483198165893555,19.069767441860467
2016-03-19,,0.0
2016-03-20,,0.0
2016-03-21,14.829954147338867,15.182724252491694
2016-03-22,11.269558906555176,13.853820598006644
2016-03-23,5.56537389755249,2.7574750830564785
2016-03-24,,0.0
2016-03-25,3.8906619548797607,4.451827242524916
2016-03-26,15.730847358703613,11.794019933554816
2016-03-27,,0.0
2016-03-28,12.596402168273926,15.813953488372093
2016-03-29,12.253646850585938,15.514950166112957
2016-03-30,13.803363800048828,20.764119601328904
2016-03-31,,0.0
2016-04-01,19.346553802490234,0.29900332225913623
2016-04-02,10.706083297729492,0.26578073089701
2016-04-03,10.96331787109375,13.2890365448505
2016-04-04,14.29500961303711,15.14950166112957
2016-04-05,16.14026641845703,5.282392026578074
2016-04-06,10.346700668334961,13.156146179401992
2016-04-07,2.742558479309082,1.6611295681063125
2016-04-08,10.371546745300293,15.714285714285714
2016-04-09,5.292428016662598,0.53156146179402
2016-04-10,11.458125114440918,15.980066445182725
2016-04-11,12.365976333618164,11.760797342192692
2016-04-12,16.660783767700195,0.0664451827242525
2016-04-13,15.18071174621582,19.900332225913623
2016-04-14,9.804698944091797,15.780730897009967
2016-04-15,14.692140579223633,16.44518272425249
2016-04-16,,0.0
2016-04-17,21.13840675354004,7.209302325581396
2016-04-18,15.299025535583496,11.827242524916944
2016-04-19,4.132705211639404,0.3986710963455149
2016-04-20,17.692689895629883,19.601328903654487
2016-04-21,,0.0
2016-04-22,2.76654052734375,0.7641196013289037
2016-04-23,2.4831185340881348,0.33222591362126247
2016-04-24,14.069554328918457,23.82059800664452
2016-04-25,,0.0
2016-04-26,,0.0
2016-04-27,,0.0
2016-04-28,,0.0
2016-04-29,,0.0
2016-04-30,2.1800925731658936,2.458471760797342
2016-05-01,,0.0
2016-05-02,,0.0
2016-05-03,,0.0
2016-05-04,,0.0
2016-05-05,,0.0
2016-05-06,,0.0
2016-05-07,4.398553371429443,4.485049833887043
2016-05-08,11.432342529296875,2.8903654485049834
2016-05-09,,0.0
2016-05-10,,0.0
2016-05-11,,0.0
2016-05-12,,0.0
2016-05-13,,0.0
2016-05-14,10.222407341003418,6.6112956810631225
2016-05-15,7.257838249206543,5.48172757475083
2016-05-16,13.201117515563965,13.920265780730897
2016-05-17,,0.0
2016-05-18,,0.0
2016-05-19,,0.0
2016-05-20,,0.0
2016-05-21,,0.0
2016-05-22,,0.0
2016-05-23,2.2713494300842285,0.0664451827242525
2016-05-24,12.355267524719238,19.634551495016613
2016-05-25,2.211801767349243,0.4983388704318937
2016-05-26,,0.0
2016-05-27,5.598290920257568,1.9269102990033222
2016-05-28,,0.0
2016-05-29,,0.0
2016-05-30,,0.0
2016-05-31,14.714280128479004,16.079734219269103
2016-06-01,4.987744331359863,1.5614617940199336
2016-06-02,19.692092895507812,0.53156146179402
2016-06-03,,0.0
2016-06-04,,0.0
2016-06-05,,0.0
2016-06-06,,0.0
2016-06-07,7.709834098815918,14.086378737541526
2016-06-08,6.229445457458496,1.8272425249169437
2016-06-09,14.575138092041016,23.654485049833887
2016-06-10,10.225433349609375,12.059800664451826
2016-06-11,,0.0
2016-06-12,27.96612548828125,0.53156146179402
2016-06-13,,0.0
2016-06-14,18.53911018371582,7.674418604651163
2016-06-15,2.9081735610961914,1.6943521594684385
2016-06-16,9.607487678527832,7.475083056478406
2016-06-17,37.296546936035156,1.1627906976744187
2016-06-18,16.02235221862793,16.079734219269103
2016-06-19,,0.0
2016-06-20,,0.0
2016-06-21,9.36893367767334,3.189368770764119
2016-06-22,,0.0
2016-06-23,,0.0
2016-06-24,7.076706409454346,6.511627906976744
2016-06-25,17.95723533630371,17.50830564784053
2016-06-26,3.525778293609619,3.122923588039867
2016-06-27,,0.0
2016-06-28,,0.0
2016-06-29,,0.0
2016-06-30,11.870104789733887,4.5514950166112955
2016-07-01,2.918006420135498,0.9634551495016611
2016-07-02,10.495715141296387,15.083056478405316
2016-07-03,,0.0
2016-07-04,,0.0
2016-07-05,,0.0
2016-07-06,,0.0
2016-07-07,12.449613571166992,9.900332225913623
2016-07-08,12.187719345092773,7.906976744186046
2016-07-09,22.859272003173828,2.1926910299003324
2016-07-10,12.313515663146973,1.2956810631229236
2016-07-11,16.79285430908203,23.18936877076412
2016-07-12,4.231944561004639,4.485049833887043
2016-07-13,36.87456512451172,0.0664451827242525
2016-07-14,24.29192352294922,6.179401993355482
2016-07-15,,0.0
2016-07-16,,0.0
2016-07-17,14.615046501159668,19.13621262458472
2016-07-18,3.8625221252441406,2.1594684385382057
2016-07-19,5.975761890411377,1.8604651162790697
2016-07-20,9.89710521697998,20.0
2016-07-21,,0.0
2016-07-22,,0.0
2016-07-23,12.508340835571289,11.661129568106313
2016-07-24,9.205001831054688,2.6578073089700998
2016-07-25,20.236854553222656,10.066445182724253
2016-07-26,6.4886603355407715,0.8305647840531563
2016-07-27,11.83758544921875,21.760797342192692
2016-07-28,1.063247799873352,2.1594684385382057
2016-07-29,16.715600967407227,1.2624584717607974
2016-07-30,,0.0
2016-07-31,24.723588943481445,1.495016611295681
2016-08-01,0.7252564430236816,0.09966777408637872
2016-08-02,11.297393798828125,7.009966777408638
2016-08-03,5.000302314758301,5.714285714285714
2016-08-04,36.799983978271484,0.6312292358803987
2016-08-05,3.9039769172668457,2.1926910299003324
2016-08-06,,0.0
2016-08-07,,0.0
2016-08-08,,0.0
2016-08-09,19.022005081176758,0.3986710963455149
2016-08-10,8.88564395904541,0.3654485049833887
2016-08-11,15.098922729492188,13.488372093023257
2016-08-12,12.8980073928833,19.568106312292358
2016-08-13,15.170490264892578,11.32890365448505
2016-08-14,12.480523109436035,17.176079734219268
2016-08-15,42.70936965942383,2.691029900332226
2016-08-16,34.5773811340332,0.23255813953488372
2016-08-17,15.718265533447266,12.093023255813954
2016-08-18,8.4783296585083,12.491694352159469
2016-08-19,21.447050094604492,4.219269102990033
2016-08-20,8.957921028137207,12.757475083056477
2016-08-21,7.066319465637207,15.548172757475085
2016-08-22,,0.0
2016-08-23,24.026777267456055,9.235880398671096
2016-08-24,18.965831756591797,12.159468438538205
2016-08-25,6.4378156661987305,6.013289036544851
2016-08-26,11.224043846130371,12.857142857142856
2016-08-27,10.919293403625488,17.043189368770765
2016-08-28,16.67999267578125,20.16611295681063
2016-08-29,15.475946426391602,6.4784053156146175
2016-08-30,14.14716911315918,20.33222591362126
2016-08-31,13.079751968383789,3.8538205980066444
2016-09-01,1.8395355939865112,0.26578073089701
2016-09-02,,0.0
2016-09-03,,0.0
2016-09-04,13.905349731445312,5.514950166112957
2016-09-05,,0.0
2016-09-06,15.283340454101562,25.481727574750828
2016-09-07,,0.0
2016-09-08,10.507990837097168,20.53156146179402
2016-09-09,28.43108367919922,0.5647840531561462
2016-09-10,6.764511585235596,1.627906976744186
2016-09-11,3.4959330558776855,1.7275747508305648
2016-09-12,18.069501876831055,8.13953488372093
2016-09-13,16.417972564697266,24.119601328903652
2016-09-14,16.676504135131836,8.970099667774086
2016-09-15,19.95284080505371,0.0664451827242525
2016-09-16,23.584985733032227,0.53156146179402
2016-09-17,8.38690185546875,19.601328903654487
2016-09-18,25.75899314880371,7.940199335548173
2016-09-19,3.671030282974243,1.495016611295681
2016-09-20,,0.0
2016-09-21,,0.0
2016-09-22,25.48817253112793,3.4551495016611296
2016-09-23,,0.0
2016-09-24,4.639261245727539,2.5913621262458473
2016-09-25,13.132628440856934,10.066445182724253
2016-09-26,2.7552757263183594,0.9302325581395349
2016-09-27,15.761527061462402,0.132890365448505
2016-09-28,,0.0
2016-09-29,,0.0
2016-09-30,4.131439208984375,0.7973421926910298
2016-10-01,3.8878040313720703,1.3621262458471761
2016-10-02,,0.0
2016-10-03,9.107990264892578,9.534883720930234
2016-10-04,10.202309608459473,0.6976744186046512
2016-10-05,9.972404479980469,0.16611295681063123
2016-10-06,21.103904724121094,3.7541528239202657
2016-10-07,31.003814697265625,0.23255813953488372
2016-10-08,,0.0
2016-10-09,,0.0
2016-10-10,9.351119041442871,25.315614617940202
2016-10-11,8.22185230255127,10.930232558139535
2016-10-12,7.2233805656433105,18.33887043189369
2016-10-13,9.394157409667969,12.857142857142856
2016-10-14,16.11326026916504,8.870431893687709
2016-10-15,17.14687728881836,22.425249169435215
2016-10-16,12.05322551727295,11.162790697674419
2016-10-17,15.05489444732666,26.478405315614616
2016-10-18,15.729533195495605,9.46843853820598
2016-10-19,9.584484100341797,23.45514950166113
2016-10-20,10.355425834655762,9.833887043189367
2016-10-21,7.447505474090576,21.760797342192692
2016-10-22,8.656229019165039,20.498338870431894
2016-10-23,7.060828685760498,13.2890365448505
2016-10-24,9.720389366149902,20.963455149501662
2016-10-25,,0.0
2016-10-26,6.393610000610352,16.677740863787374
2016-10-27,,0.0
2016-10-28,7.684238433837891,15.249169435215947
2016-10-29,12.130841255187988,15.481727574750831
2016-10-30,3.9877829551696777,0.6644518272425249
2016-10-31,7.423092842102051,0.3654485049833887
2016-11-01,,0.0
2016-11-02,10.46251392364502,23.222591362126245
2016-11-03,,0.0
2016-11-04,9.92963981628418,18.23920265780731
2016-11-05,13.810811996459961,18.63787375415282
2016-11-06,6.432878017425537,13.554817275747508
2016-11-07,13.704370498657227,22.19269102990033
2016-11-08,11.7511625289917,10.79734219269103
2016-11-09,2.507338285446167,1.6611295681063125
2016-11-10,,0.0
2016-11-11,8.39473819732666,20.764119601328904
2016-11-12,12.059731483459473,13.654485049833887
2016-11-13,12.316990852355957,24.086378737541526
2016-11-14,,0.0
2016-11-15,5.501357555389404,6.6112956810631225
2016-11-16,8.032957077026367,21.3953488372093
2016-11-17,13.152052879333496,9.700996677740864
2016-11-18,11.264669418334961,27.940199335548172
2016-11-19,12.42494010925293,9.56810631229236
2016-11-20,5.817741870880127,3.7209302325581395
2016-11-21,8.167729377746582,17.07641196013289
2016-11-22,7.853855133056641,14.019933554817277
2016-11-23,13.01042652130127,24.451827242524917
2016-11-24,,0.0
2016-11-25,,0.0
2016-11-26,,0.0
2016-11-27,11.994927406311035,26.7109634551495
2016-11-28,,0.0
2016-11-29,,0.0
2016-11-30,,0.0
2016-12-01,12.732653617858887,18.13953488372093
2016-12-02,11.117363929748535,26.478405315614616
2016-12-03,10.92734146118164,4.25249169435216
2016-12-04,,0.0
2016-12-05,17.489749908447266,6.445182724252492
2016-12-06,,0.0
2016-12-07,8.763945579528809,9.501661129568106
2016-12-08,,0.0
2016-12-09,10.888540267944336,22.72425249169435
2016-12-10,8.237360000610352,14.451827242524917
2016-12-11,,0.0
2016-12-12,,0.0
2016-12-13,7.915837287902832,0.6644518272425249
2016-12-14,46.16847229003906,0.0664451827242525
2016-12-15,5.875254154205322,9.900332225913623
2016-12-16,,0.0
2016-12-17,,0.0
2016-12-18,3.2701761722564697,2.292358803986711
2016-12-19,20.426673889160156,1.3621262458471761
2016-12-20,10.243776321411133,19.069767441860467
2016-12-21,16.693349838256836,9.601328903654485
2016-12-22,8.926589012145996,24.717607973421927
2016-12-23,7.7795209884643555,6.112956810631229
2016-12-24,,0.0
2016-12-25,7.754589080810547,23.654485049833887
2016-12-26,,0.0
2016-12-27,,0.0
2016-12-28,,0.0
2016-12-29,6.54986047744751,15.249169435215947
2016-12-30,10.369786262512207,0.09966777408637872
2016-12-31,13.467476844787598,3.089700996677741
